,Country,Arrivals,Units,2018,2019,2020,2021,2022
0,albania,   ,,,,,,
1,,arrivals   ,,,,,,
2,, total arrivals  ,thousands,5927,6406,2658,5689,7543.8
3,,  overnights visitors (tourists) ,thousands,5340,6128,2604,5515,7104.7
4,,  same-day visitors (excursionists) ,thousands,587,278,54,174,439.1
5,,"   of which, cruise passengers",thousands,..,..,..,..,..
6,algeria,   ,,,,,,
7,,arrivals   ,,,,,,
8,, total arrivals  ,thousands,2657,2371,591,125,1398
9,,  overnights visitors (tourists) ,thousands,..,..,..,..,..
10,,  same-day visitors (excursionists) ,thousands,..,..,..,..,..
11,,"   of which, cruise passengers",thousands,..,..,..,..,..
12,american samoa,   ,,,,,,
13,,arrivals   ,,,,,,
14,, total arrivals  ,thousands,51.8,58.6,..,..,..
15,,  overnights visitors (tourists) ,thousands,20.2,19.2,0.9,..,..
16,,  same-day visitors (excursionists) ,thousands,31.6,39.4,..,..,..
17,,"   of which, cruise passengers",thousands,31.6,39.4,..,..,..
18,andorra,   ,,,,,,
19,,arrivals   ,,,,,,
20,, total arrivals  ,thousands,8328,8235,5207,5422,8426.7
21,,  overnights visitors (tourists) ,thousands,3042,3090,1872,1949,3555.1
22,,  same-day visitors (excursionists) ,thousands,5286,5145,3335,3473,4870.6
23,,"   of which, cruise passengers",thousands,..,..,..,..,..
24,angola,   ,,,,,,
25,,arrivals   ,,,,,,
26,, total arrivals  ,thousands,..,..,..,..,..
27,,  overnights visitors (tourists) ,thousands,218,218,64,64,130
28,,  same-day visitors (excursionists) ,thousands,..,..,..,..,..
29,,"   of which, cruise passengers",thousands,..,..,..,..,..
30,anguilla,   ,,,,,,
31,,arrivals   ,,,,,,
32,, total arrivals  ,thousands,87,166,41.1,28.7,95.8
33,,  overnights visitors (tourists) ,thousands,55,95,25.4,28.4,74.1
34,,  same-day visitors (excursionists) ,thousands,33,71,15.7,0.3,21.7
35,,"   of which, cruise passengers",thousands,3.5,6.1,1.4,..,..
36,antigua and barbuda,   ,,,,,,
37,,arrivals   ,,,,,,
38,, total arrivals  ,thousands,1064,1035,276,250,642.4
39,,  overnights visitors (tourists) ,thousands,269,301,125,169.4,265.1
40,,  same-day visitors (excursionists) ,thousands,795,734,151,80.6,377.3
41,,"   of which, cruise passengers",thousands,795,734,151,80.6,377.3
42,argentina,   ,,,,,,
43,,arrivals   ,,,,,,
44,, total arrivals  ,thousands,10394,11131,3096,460,7503
45,,  overnights visitors (tourists) ,thousands,6942,7399,2090,297,3890
46,,  same-day visitors (excursionists) ,thousands,3452,3732,1007,163,3613
47,,"   of which, cruise passengers",thousands,..,..,..,..,..
48,armenia,   ,,,,,,
49,,arrivals   ,,,,,,
50,, total arrivals  ,thousands,..,..,..,..,..
51,,  overnights visitors (tourists) ,thousands,1652,1894,375,870,1666
52,,  same-day visitors (excursionists) ,thousands,..,..,..,..,..
53,,"   of which, cruise passengers",thousands,..,..,..,..,..
54,aruba,   ,,,,,,
55,,arrivals   ,,,,,,
56,, total arrivals  ,thousands,1897,1951,623,943,1711
57,,  overnights visitors (tourists) ,thousands,1082,1119,368,807,1101
58,,  same-day visitors (excursionists) ,thousands,815,832,255,136,610
59,,"   of which, cruise passengers",thousands,815,832,255,136,610
60,australia,   ,,,,,,
61,,arrivals   ,,,,,,
62,, total arrivals  ,thousands,9246,9466,1828,246,3694
63,,  overnights visitors (tourists) ,thousands,..,..,..,..,..
64,,  same-day visitors (excursionists) ,thousands,..,..,..,..,..
65,,"   of which, cruise passengers",thousands,..,..,..,..,..
66,austria,   ,,,,,,
67,,arrivals   ,,,,,,
68,, total arrivals  ,thousands,..,..,..,..,..
69,,  overnights visitors (tourists) ,thousands,30816,31884,15091,12728,26215
70,,  same-day visitors (excursionists) ,thousands,..,..,..,..,..
71,,"   of which, cruise passengers",thousands,..,..,..,..,..
72,azerbaijan,   ,,,,,,
73,,arrivals   ,,,,,,
74,, total arrivals  ,thousands,2850,3170,796,792,1602
75,,  overnights visitors (tourists) ,thousands,2633,2876,587,..,1508
76,,  same-day visitors (excursionists) ,thousands,216,294,209,..,94
77,,"   of which, cruise passengers",thousands,..,..,..,..,..
78,bahamas,   ,,,,,,
79,,arrivals   ,,,,,,
80,, total arrivals  ,thousands,6622,7250,1794.5,2101,7000.7
81,,  overnights visitors (tourists) ,thousands,1633,1807,441,892,1452.4
82,,  same-day visitors (excursionists) ,thousands,4990,5444,1354,1209,5548.6
83,,"   of which, cruise passengers",thousands,4878,5433,1327.1,1115,5390
84,bahrain,   ,,,,,,
85,,arrivals   ,,,,,,
86,, total arrivals  ,thousands,12045,11061,1909,3612,9949
87,,  overnights visitors (tourists) ,thousands,4366,3849,827,2182,3712
88,,  same-day visitors (excursionists) ,thousands,7678,7212,1082,1430,6237
89,,"   of which, cruise passengers",thousands,81,134,51,7,33
90,bangladesh,   ,,,,,,
91,,arrivals   ,,,,,,
92,, total arrivals  ,thousands,..,..,..,..,..
93,,  overnights visitors (tourists) ,thousands,267,323,182,135,..
94,,  same-day visitors (excursionists) ,thousands,..,..,..,..,..
95,,"   of which, cruise passengers",thousands,..,..,..,..,..
96,barbados,   ,,,,,,
97,,arrivals   ,,,,,,
98,, total arrivals  ,thousands,1356,966,545.8,242,897.6
99,,  overnights visitors (tourists) ,thousands,680,523,207.4,144.8,539.7
100,,  same-day visitors (excursionists) ,thousands,676,443,338.4,97.4,357.9
101,,"   of which, cruise passengers",thousands,676,443,338,97.4,357.9
102,belarus,   ,,,,,,
103,,arrivals   ,,,,,,
104,, total arrivals  ,thousands,11502,11832,3598,3361,4920
105,,  overnights visitors (tourists) ,thousands,2142,2206,577,787,1492
106,,  same-day visitors (excursionists) ,thousands,198,228,47,27,82
107,,"   of which, cruise passengers",thousands,..,..,..,..,..
108,belgium,   ,,,,,,
109,,arrivals   ,,,,,,
110,, total arrivals  ,thousands,..,..,..,..,..
111,,  overnights visitors (tourists) ,thousands,9119,9343,2584,3243,8220
112,,  same-day visitors (excursionists) ,thousands,..,..,..,..,..
113,,"   of which, cruise passengers",thousands,..,..,..,..,..
114,belize,   ,,,,,,
115,,arrivals   ,,,,,,
116,, total arrivals  ,thousands,1697,1674,487,437,..
117,,  overnights visitors (tourists) ,thousands,489,503,144.1,219,372.6
118,,  same-day visitors (excursionists) ,thousands,1208,1171,343.1,218,..
119,,"   of which, cruise passengers",thousands,1208,1171,343,210,615
120,benin,   ,,,,,,
121,,arrivals   ,,,,,,
122,, total arrivals  ,thousands,322,337,354,..,..
123,,  overnights visitors (tourists) ,thousands,295,309,325,..,..
124,,  same-day visitors (excursionists) ,thousands,27,28,29,..,..
125,,"   of which, cruise passengers",thousands,12,13,14,..,..
126,bermuda,   ,,,,,,
127,,arrivals   ,,,,,,
128,, total arrivals  ,thousands,766,805,51.4,86.4,548.5
129,,  overnights visitors (tourists) ,thousands,282,269,42.1,72.2,145.9
130,,  same-day visitors (excursionists) ,thousands,484,536,9.3,14.2,402.7
131,,"   of which, cruise passengers",thousands,484,536,9.3,14.2,402.7
132,bhutan,   ,,,,,,
133,,arrivals   ,,,,,,
134,, total arrivals  ,thousands,..,..,..,..,..
135,,  overnights visitors (tourists) ,thousands,274,316,29.8,0.001,20.9
136,,  same-day visitors (excursionists) ,thousands,..,..,..,..,..
137,,"   of which, cruise passengers",thousands,..,..,..,..,..
138,"bolivia, plurinational state of",   ,,,,,,
139,,arrivals   ,,,,,,
140,, total arrivals  ,thousands,..,..,..,..,..
141,,  overnights visitors (tourists) ,thousands,1142,1239,323.3,180,724
142,,  same-day visitors (excursionists) ,thousands,..,..,..,..,..
143,,"   of which, cruise passengers",thousands,..,..,..,..,..
144,bosnia and herzegovina,   ,,,,,,
145,,arrivals   ,,,,,,
146,, total arrivals  ,thousands,..,..,..,..,..
147,,  overnights visitors (tourists) ,thousands,1053,1198,197,502,915
148,,  same-day visitors (excursionists) ,thousands,..,..,..,..,..
149,,"   of which, cruise passengers",thousands,..,..,..,..,..
150,botswana,   ,,,,,,
151,,arrivals   ,,,,,,
152,, total arrivals  ,thousands,1830,1555.4,358.2,338,..
153,,  overnights visitors (tourists) ,thousands,1655,1454.6,328.5,314,..
154,,  same-day visitors (excursionists) ,thousands,176,100.8,29.7,24,..
155,,"   of which, cruise passengers",thousands,..,..,..,..,..
156,brazil,   ,,,,,,
157,,arrivals   ,,,,,,
158,, total arrivals  ,thousands,..,..,..,..,..
159,,  overnights visitors (tourists) ,thousands,6621,6353,2146,746,3630
160,,  same-day visitors (excursionists) ,thousands,..,..,..,..,..
161,,"   of which, cruise passengers",thousands,..,..,..,..,..
162,british virgin islands,   ,,,,,,
163,,arrivals   ,,,,,,
164,, total arrivals  ,thousands,..,895,..,..,..
165,,  overnights visitors (tourists) ,thousands,192,302.4,83,56,173
166,,  same-day visitors (excursionists) ,thousands,..,592.5,..,..,..
167,,"   of which, cruise passengers",thousands,201,575.1,219,70,344
168,brunei darussalam,   ,,,,,,
169,,arrivals   ,,,,,,
170,, total arrivals  ,thousands,4521,4449,1071,110,..
171,,  overnights visitors (tourists) ,thousands,278,333,62.3,3.5,..
172,,  same-day visitors (excursionists) ,thousands,19,15,1.5,..,..
173,,"   of which, cruise passengers",thousands,19,15,1.5,..,..
174,bulgaria,   ,,,,,,
175,,arrivals   ,,,,,,
176,, total arrivals  ,thousands,12368,12552,4973,7188,10888
177,,  overnights visitors (tourists) ,thousands,9273,7775,1290,2300,5557
178,,  same-day visitors (excursionists) ,thousands,3095,4777,3683,4888,5332
179,,"   of which, cruise passengers",thousands,..,..,..,..,..
180,burkina faso,   ,,,,,,
181,,arrivals   ,,,,,,
182,, total arrivals  ,thousands,..,..,..,..,..
183,,  overnights visitors (tourists) ,thousands,144,143,67,106,116
184,,  same-day visitors (excursionists) ,thousands,..,..,..,..,..
185,,"   of which, cruise passengers",thousands,..,..,..,..,..
186,cabo verde,   ,,,,,,
187,,arrivals   ,,,,,,
188,, total arrivals  ,thousands,..,..,..,..,..
189,,  overnights visitors (tourists) ,thousands,710,758,180,135,785
190,,  same-day visitors (excursionists) ,thousands,..,..,..,..,..
191,,"   of which, cruise passengers",thousands,..,..,..,..,..
192,cambodia,   ,,,,,,
193,,arrivals   ,,,,,,
194,, total arrivals  ,thousands,..,..,..,..,..
195,,  overnights visitors (tourists) ,thousands,6201,6611,1306,196.4,2276.6
196,,  same-day visitors (excursionists) ,thousands,..,..,..,..,..
197,,"   of which, cruise passengers",thousands,..,..,..,..,..
198,cameroon,   ,,,,,,
199,,arrivals   ,,,,,,
200,, total arrivals  ,thousands,997,1021,616,963,539
201,,  overnights visitors (tourists) ,thousands,..,..,..,..,..
202,,  same-day visitors (excursionists) ,thousands,..,..,..,..,..
203,,"   of which, cruise passengers",thousands,..,..,..,..,..
204,canada,   ,,,,,,
205,,arrivals   ,,,,,,
206,, total arrivals  ,thousands,31274,32430,5068,4282.1,17924
207,,  overnights visitors (tourists) ,thousands,21134,22145,2960,3062.2,12824
208,,  same-day visitors (excursionists) ,thousands,10140,10284,2108,1219.9,5100
209,,"   of which, cruise passengers",thousands,284,250,0,0,947
210,cayman islands,   ,,,,,,
211,,arrivals   ,,,,,,
212,, total arrivals  ,thousands,2384,2334,660,..,1027.7
213,,  overnights visitors (tourists) ,thousands,463,503,122,17.3,284.3
214,,  same-day visitors (excursionists) ,thousands,1921,1831,538,..,743.4
215,,"   of which, cruise passengers",thousands,1921,1831,538,..,743.4
216,central african republic,   ,,,,,,
217,,arrivals   ,,,,,,
218,, total arrivals  ,thousands,..,..,..,..,..
219,,  overnights visitors (tourists) ,thousands,109,87,34.6,..,..
220,,  same-day visitors (excursionists) ,thousands,..,..,..,..,..
221,,"   of which, cruise passengers",thousands,..,..,..,..,..
222,chad,   ,,,,,,
223,,arrivals   ,,,,,,
224,, total arrivals  ,thousands,..,..,..,..,..
225,,  overnights visitors (tourists) ,thousands,77,79,11,40,..
226,,  same-day visitors (excursionists) ,thousands,..,..,..,..,..
227,,"   of which, cruise passengers",thousands,..,..,..,..,..
228,chile,   ,,,,,,
229,,arrivals   ,,,,,,
230,, total arrivals  ,thousands,6603,5431,1310.5,192,2269
231,,  overnights visitors (tourists) ,thousands,5723,4518,1119.1,190,2030
232,,  same-day visitors (excursionists) ,thousands,880,913,191.4,1.5,239
233,,"   of which, cruise passengers",thousands,..,..,..,..,..
234,china,   ,,,,,,
235,,arrivals   ,,,,,,
236,, total arrivals  ,thousands,158606,162538,27467,26380,25250
237,,  overnights visitors (tourists) ,thousands,62900,65725,7967,..,..
238,,  same-day visitors (excursionists) ,thousands,..,..,..,..,..
239,,"   of which, cruise passengers",thousands,..,..,..,..,..
240,colombia,   ,,,,,,
241,,arrivals   ,,,,,,
242,, total arrivals  ,thousands,4398,4531,1387,2146,4686
243,,  overnights visitors (tourists) ,thousands,4020,4169,1252,2127,4519
244,,  same-day visitors (excursionists) ,thousands,378,362,134,19,168
245,,"   of which, cruise passengers",thousands,378,362,134,19,168
246,comoros,   ,,,,,,
247,,arrivals   ,,,,,,
248,, total arrivals  ,thousands,..,..,..,..,..
249,,  overnights visitors (tourists) ,thousands,35.9,45.1,7,28.8,..
250,,  same-day visitors (excursionists) ,thousands,..,..,..,..,..
251,,"   of which, cruise passengers",thousands,..,..,..,..,..
252,congo,   ,,,,,,
253,,arrivals   ,,,,,,
254,, total arrivals  ,thousands,158,..,..,..,..
255,,  overnights visitors (tourists) ,thousands,156,..,..,..,..
256,,  same-day visitors (excursionists) ,thousands,2,..,..,..,..
257,,"   of which, cruise passengers",thousands,..,..,..,..,..
258,"congo, democratic republic of the",   ,,,,,,
259,,arrivals   ,,,,,,
260,, total arrivals  ,thousands,..,..,..,..,..
261,,  overnights visitors (tourists) ,thousands,392,479,202,382,..
262,,  same-day visitors (excursionists) ,thousands,..,..,..,..,..
263,,"   of which, cruise passengers",thousands,..,..,..,..,..
264,cook islands,   ,,,,,,
265,,arrivals   ,,,,,,
266,, total arrivals  ,thousands,..,..,..,..,..
267,,  overnights visitors (tourists) ,thousands,169,172,25.2,26.3,113.6
268,,  same-day visitors (excursionists) ,thousands,..,..,..,..,..
269,,"   of which, cruise passengers",thousands,..,..,..,..,..
270,costa rica,   ,,,,,,
271,,arrivals   ,,,,,,
272,, total arrivals  ,thousands,3313,3378.3,1146.5,1375.8,2497.1
273,,  overnights visitors (tourists) ,thousands,3017,3139,1012,1347,2349.5
274,,  same-day visitors (excursionists) ,thousands,296,239.3,134.6,28.7,147.6
275,,"   of which, cruise passengers",thousands,296,239.3,134.6,28.7,147.6
276,cote d´ivoire,   ,,,,,,
277,,arrivals   ,,,,,,
278,, total arrivals  ,thousands,1965,2070,668,576,2047
279,,  overnights visitors (tourists) ,thousands,..,..,..,..,..
280,,  same-day visitors (excursionists) ,thousands,..,..,..,..,..
281,,"   of which, cruise passengers",thousands,..,..,..,..,..
282,croatia,   ,,,,,,
283,,arrivals   ,,,,,,
284,, total arrivals  ,thousands,57668,60021,21608,34123,50023
285,,  overnights visitors (tourists) ,thousands,16645,17353,5545,10641,15324
286,,  same-day visitors (excursionists) ,thousands,..,..,..,..,..
287,,"   of which, cruise passengers",thousands,..,..,..,..,..
288,cuba,   ,,,,,,
289,,arrivals   ,,,,,,
290,, total arrivals  ,thousands,4712,4276,1086,356.4,1614.1
291,,  overnights visitors (tourists) ,thousands,4684,4263,1085,355.5,1613.4
292,,  same-day visitors (excursionists) ,thousands,..,..,..,..,..
293,,"   of which, cruise passengers",thousands,..,..,..,..,..
294,curaçao,   ,,,,,,
295,,arrivals   ,,,,,,
296,, total arrivals  ,thousands,1210,1293,436,418,1034.2
297,,  overnights visitors (tourists) ,thousands,432,464,175,265,489.6
298,,  same-day visitors (excursionists) ,thousands,778,829,261,153.4,544.6
299,,"   of which, cruise passengers",thousands,761,810,256,146.2,533.6
300,cyprus,   ,,,,,,
301,,arrivals   ,,,,,,
302,, total arrivals  ,thousands,4024,4117,..,..,..
303,,  overnights visitors (tourists) ,thousands,3939,3977,632,1937,..
304,,  same-day visitors (excursionists) ,thousands,85,140,..,..,..
305,,"   of which, cruise passengers",thousands,62,112,8,21,..
306,czech republic (czechia),   ,,,,,,
307,,arrivals   ,,,,,,
308,, total arrivals  ,thousands,36268,37202,10267,10014,..
309,,  overnights visitors (tourists) ,thousands,14282.6,14651,3919.4,3768,..
310,,  same-day visitors (excursionists) ,thousands,21985.9,22551,6347.3,6246,..
311,,"   of which, cruise passengers",thousands,..,..,..,..,..
312,denmark,   ,,,,,,
313,,arrivals   ,,,,,,
314,, total arrivals  ,thousands,30801,32065,16031,18372,31530
315,,  overnights visitors (tourists) ,thousands,12749,14725,6229,7555,14190
316,,  same-day visitors (excursionists) ,thousands,18052,17340,9802,10817,17340
317,,"   of which, cruise passengers",thousands,711,990,1,39,666
318,djibouti,   ,,,,,,
319,,arrivals   ,,,,,,
320,, total arrivals  ,thousands,..,..,..,..,..
321,,  overnights visitors (tourists) ,thousands,142,167,75,114,145
322,,  same-day visitors (excursionists) ,thousands,..,..,..,..,..
323,,"   of which, cruise passengers",thousands,..,..,..,..,..
324,dominica,   ,,,,,,
325,,arrivals   ,,,,,,
326,, total arrivals  ,thousands,199,322,140,66,235
327,,  overnights visitors (tourists) ,thousands,63,90,22,15,61
328,,  same-day visitors (excursionists) ,thousands,136,232,118,51,174
329,,"   of which, cruise passengers",thousands,134,230,118,51,170
330,dominican republic,   ,,,,,,
331,,arrivals   ,,,,,,
332,, total arrivals  ,thousands,7551,7550,2748,5327,8488.8
333,,  overnights visitors (tourists) ,thousands,6569,6446,2405,4994,7163.4
334,,  same-day visitors (excursionists) ,thousands,982,1104,343,333,1325.4
335,,"   of which, cruise passengers",thousands,982,1104,343,333,1325.4
336,ecuador,   ,,,,,,
337,,arrivals   ,,,,,,
338,, total arrivals  ,thousands,2535,2108,507,669,1265
339,,  overnights visitors (tourists) ,thousands,..,..,..,..,..
340,,  same-day visitors (excursionists) ,thousands,..,..,..,..,..
341,,"   of which, cruise passengers",thousands,..,..,..,..,..
342,egypt,   ,,,,,,
343,,arrivals   ,,,,,,
344,, total arrivals  ,thousands,11346,13026,3677,7998,11724
345,,  overnights visitors (tourists) ,thousands,11196,12876,3619,7967,11625
346,,  same-day visitors (excursionists) ,thousands,151,151,58,31,99
347,,"   of which, cruise passengers",thousands,..,..,..,..,..
348,el salvador,   ,,,,,,
349,,arrivals   ,,,,,,
350,, total arrivals  ,thousands,2536,2639,707,1436,2541
351,,  overnights visitors (tourists) ,thousands,1677.3,1766,549,1219,1891
352,,  same-day visitors (excursionists) ,thousands,858.4,873,217,217,650
353,,"   of which, cruise passengers",thousands,..,..,..,..,8
354,estonia,   ,,,,,,
355,,arrivals   ,,,,,,
356,, total arrivals  ,thousands,6033,6103,1695,1310,3497
357,,  overnights visitors (tourists) ,thousands,3226,3336,1023,808,2166
358,,  same-day visitors (excursionists) ,thousands,2807,2766,673,502,1331
359,,"   of which, cruise passengers",thousands,638,660,0,63,172
360,eswatini,   ,,,,,,
361,,arrivals   ,,,,,,
362,, total arrivals  ,thousands,1277,1226,345.3,210.7,502.5
363,,  overnights visitors (tourists) ,thousands,782,680,193.7,170.3,393
364,,  same-day visitors (excursionists) ,thousands,495.5,546,151.6,40.4,109.6
365,,"   of which, cruise passengers",thousands,..,..,..,..,..
366,ethiopia,   ,,,,,,
367,,arrivals   ,,,,,,
368,, total arrivals  ,thousands,..,..,..,..,..
369,,  overnights visitors (tourists) ,thousands,849,812,271,518,897
370,,  same-day visitors (excursionists) ,thousands,..,..,..,..,..
371,,"   of which, cruise passengers",thousands,..,..,..,..,..
372,fiji,   ,,,,,,
373,,arrivals   ,,,,,,
374,, total arrivals  ,thousands,1058,969,168,32,652
375,,  overnights visitors (tourists) ,thousands,870,894,146.9,32,636.3
376,,  same-day visitors (excursionists) ,thousands,188,75,21.3,0,15.9
377,,"   of which, cruise passengers",thousands,188,75,21,0,15.9
378,finland,   ,,,,,,
379,,arrivals   ,,,,,,
380,, total arrivals  ,thousands,..,..,..,..,..
381,,  overnights visitors (tourists) ,thousands,3224,3290,896,807,2127
382,,  same-day visitors (excursionists) ,thousands,..,..,..,..,..
383,,"   of which, cruise passengers",thousands,..,..,..,..,..
384,france,   ,,,,,,
385,,arrivals   ,,,,,,
386,, total arrivals  ,thousands,211998,217877,117109,141297,..
387,,  overnights visitors (tourists) ,thousands,89322,90914,41684,48395,..
388,,  same-day visitors (excursionists) ,thousands,122676,126963,75424,92902,..
389,,"   of which, cruise passengers",thousands,..,..,..,..,..
390,french polynesia,   ,,,,,,
391,,arrivals   ,,,,,,
392,, total arrivals  ,thousands,260,282,89,95,261.4
393,,  overnights visitors (tourists) ,thousands,216.3,237,77,83,218.8
394,,  same-day visitors (excursionists) ,thousands,43.6,45.2,12,12.3,42.6
395,,"   of which, cruise passengers",thousands,..,..,..,..,..
396,gambia,   ,,,,,,
397,,arrivals   ,,,,,,
398,, total arrivals  ,thousands,..,..,..,..,..
399,,  overnights visitors (tourists) ,thousands,552,620,246,332,570
400,,  same-day visitors (excursionists) ,thousands,..,..,..,..,..
401,,"   of which, cruise passengers",thousands,..,..,..,..,..
402,georgia,   ,,,,,,
403,,arrivals   ,,,,,,
404,, total arrivals  ,thousands,7203,7726,1513,1721,4704
405,,  overnights visitors (tourists) ,thousands,4757,5080.4,1087,1577,3653
406,,  same-day visitors (excursionists) ,thousands,2446,2645.3,426,144,1051
407,,"   of which, cruise passengers",thousands,..,..,..,..,..
408,germany,   ,,,,,,
409,,arrivals   ,,,,,,
410,, total arrivals  ,thousands,..,..,..,..,..
411,,  overnights visitors (tourists) ,thousands,38881,39563,12449,11688,28463
412,,  same-day visitors (excursionists) ,thousands,..,..,..,..,..
413,,"   of which, cruise passengers",thousands,..,..,..,..,..
414,ghana,   ,,,,,,
415,,arrivals   ,,,,,,
416,, total arrivals  ,thousands,..,..,..,..,..
417,,  overnights visitors (tourists) ,thousands,956,1130,355,624,915
418,,  same-day visitors (excursionists) ,thousands,..,..,..,..,..
419,,"   of which, cruise passengers",thousands,..,..,..,..,..
420,greece,   ,,,,,,
421,,arrivals   ,,,,,,
422,, total arrivals  ,thousands,33072,34005,7406,15246,29876
423,,  overnights visitors (tourists) ,thousands,30123,31348.4,7374.4,14705,27836
424,,  same-day visitors (excursionists) ,thousands,2949,2656.2,31.4,541,2040
425,,"   of which, cruise passengers",thousands,2949,2656.2,31.4,541,2040
426,grenada,   ,,,,,,
427,,arrivals   ,,,,,,
428,, total arrivals  ,thousands,529,526,217,72,335
429,,  overnights visitors (tourists) ,thousands,186,188,54.2,47,149
430,,  same-day visitors (excursionists) ,thousands,343,338,162.5,25,185.8
431,,"   of which, cruise passengers",thousands,343,338,162.5,25,186
432,guadeloupe,   ,,,,,,
433,,arrivals   ,,,,,,
434,, total arrivals  ,thousands,1166,..,..,..,..
435,,  overnights visitors (tourists) ,thousands,735,..,..,..,..
436,,  same-day visitors (excursionists) ,thousands,431,..,..,..,..
437,,"   of which, cruise passengers",thousands,431,..,..,..,..
438,guam,   ,,,,,,
439,,arrivals   ,,,,,,
440,, total arrivals  ,thousands,..,..,..,..,..
441,,  overnights visitors (tourists) ,thousands,1549,1667,328,79,328
442,,  same-day visitors (excursionists) ,thousands,..,..,..,..,..
443,,"   of which, cruise passengers",thousands,..,..,..,..,..
444,guatemala,   ,,,,,,
445,,arrivals   ,,,,,,
446,, total arrivals  ,thousands,2406,2560,594,666,1844.7
447,,  overnights visitors (tourists) ,thousands,1781,1752.4,395.7,602.1,1494
448,,  same-day visitors (excursionists) ,thousands,625,807.2,198.3,63.9,350.7
449,,"   of which, cruise passengers",thousands,150,131,42,3.9,26
450,guinea-bissau,   ,,,,,,
451,,arrivals   ,,,,,,
452,, total arrivals  ,thousands,..,..,..,..,..
453,,  overnights visitors (tourists) ,thousands,55,52.4,..,..,..
454,,  same-day visitors (excursionists) ,thousands,..,..,..,..,..
455,,"   of which, cruise passengers",thousands,..,..,..,..,..
456,guyana,   ,,,,,,
457,,arrivals   ,,,,,,
458,, total arrivals  ,thousands,..,..,..,..,..
459,,  overnights visitors (tourists) ,thousands,287,315,86.5,158.3,288
460,,  same-day visitors (excursionists) ,thousands,..,..,..,..,..
461,,"   of which, cruise passengers",thousands,..,..,..,..,..
462,haiti,   ,,,,,,
463,,arrivals   ,,,,,,
464,, total arrivals  ,thousands,1333,938,322,148,..
465,,  overnights visitors (tourists) ,thousands,447,286,203,148,..
466,,  same-day visitors (excursionists) ,thousands,885,652,119,0,..
467,,"   of which, cruise passengers",thousands,885,652,119,0,..
468,honduras,   ,,,,,,
469,,arrivals   ,,,,,,
470,, total arrivals  ,thousands,2323,2315,669,826,1911
471,,  overnights visitors (tourists) ,thousands,847,724,204,459,844
472,,  same-day visitors (excursionists) ,thousands,1477,1590,465,367,1067
473,,"   of which, cruise passengers",thousands,1289,1395,393,314,943
474,"hong kong, china",   ,,,,,,
475,,arrivals   ,,,,,,
476,, total arrivals  ,thousands,65148,55913,3569,91.4,604.6
477,,  overnights visitors (tourists) ,thousands,29263,23752,1359,89.2,567.8
478,,  same-day visitors (excursionists) ,thousands,35885,32160,2210,2,36.8
479,,"   of which, cruise passengers",thousands,111,123,10,..,..
480,hungary,   ,,,,,,
481,,arrivals   ,,,,,,
482,, total arrivals  ,thousands,57667,61397,31641,36688,46343
483,,  overnights visitors (tourists) ,thousands,17552,16937,7417,7929.1,12649
484,,  same-day visitors (excursionists) ,thousands,40115,44460,24224,28758.4,33694
485,,"   of which, cruise passengers",thousands,..,..,..,..,..
486,iceland,   ,,,,,,
487,,arrivals   ,,,,,,
488,, total arrivals  ,thousands,2488,2202,488,717,..
489,,  overnights visitors (tourists) ,thousands,2343.8,2013,486.3,698,..
490,,  same-day visitors (excursionists) ,thousands,144.7,189,1.3,19,..
491,,"   of which, cruise passengers",thousands,144.7,189,1.3,19,..
492,india,   ,,,,,,
493,,arrivals   ,,,,,,
494,, total arrivals  ,thousands,17423,17914,6337,7010,14330
495,,  overnights visitors (tourists) ,thousands,..,17754,6291,6989,..
496,,  same-day visitors (excursionists) ,thousands,..,160,46,21,..
497,,"   of which, cruise passengers",thousands,..,13,2,1,..
498,indonesia,   ,,,,,,
499,,arrivals   ,,,,,,
500,, total arrivals  ,thousands,15810,16107,4053,1558,5889
501,,  overnights visitors (tourists) ,thousands,13396,15455,3915.4,1546.3,..
502,,  same-day visitors (excursionists) ,thousands,2414,652,137.4,11.2,..
503,,"   of which, cruise passengers",thousands,..,..,..,..,..
504,"iran, islamic republic of",   ,,,,,,
505,,arrivals   ,,,,,,
506,, total arrivals  ,thousands,7295,9107,1550,989,4108
507,,  overnights visitors (tourists) ,thousands,..,..,..,882,..
508,,  same-day visitors (excursionists) ,thousands,..,..,..,107,..
509,,"   of which, cruise passengers",thousands,..,..,..,..,..
510,ireland,   ,,,,,,
511,,arrivals   ,,,,,,
512,, total arrivals  ,thousands,..,..,..,..,..
513,,  overnights visitors (tourists) ,thousands,10926,10951,..,..,..
514,,  same-day visitors (excursionists) ,thousands,1340,1450,..,..,..
515,,"   of which, cruise passengers",thousands,..,..,..,..,..
516,israel,   ,,,,,,
517,,arrivals   ,,,,,,
518,, total arrivals  ,thousands,4389,4905,887,402,2851
519,,  overnights visitors (tourists) ,thousands,4121,4552,831,397,2675
520,,  same-day visitors (excursionists) ,thousands,269,353,56,6,176
521,,"   of which, cruise passengers",thousands,46,94,12,..,113
522,italy,   ,,,,,,
523,,arrivals   ,,,,,,
524,, total arrivals  ,thousands,93228.6,95399,38419,40186,74317
525,,  overnights visitors (tourists) ,thousands,61567.2,64513,25190,26888,49811
526,,  same-day visitors (excursionists) ,thousands,31661.4,30886,13229,13298,24506
527,,"   of which, cruise passengers",thousands,..,..,..,..,..
528,jamaica,   ,,,,,,
529,,arrivals   ,,,,,,
530,, total arrivals  ,thousands,4319,4234,1329.7,1535,3330.7
531,,  overnights visitors (tourists) ,thousands,2473,2681,880.4,1464,2478.4
532,,  same-day visitors (excursionists) ,thousands,1846,1553,449.3,71,852.3
533,,"   of which, cruise passengers",thousands,1846,1553,449.3,71,852.3
534,japan,   ,,,,,,
535,,arrivals   ,,,,,,
536,, total arrivals  ,thousands,31192,31882,4115.8,246,3832
537,,  overnights visitors (tourists) ,thousands,..,..,..,..,..
538,,  same-day visitors (excursionists) ,thousands,..,..,..,..,..
539,,"   of which, cruise passengers",thousands,..,..,..,..,..
540,jordan,   ,,,,,,
541,,arrivals   ,,,,,,
542,, total arrivals  ,thousands,4922,5361,1240,2359,5049.1
543,,  overnights visitors (tourists) ,thousands,4150,4488.4,1067,2012,4276.7
544,,  same-day visitors (excursionists) ,thousands,772,872.2,173,347,772.4
545,,"   of which, cruise passengers",thousands,74,94.5,5.4,12,..
546,kazakhstan,   ,,,,,,
547,,arrivals   ,,,,,,
548,, total arrivals  ,thousands,8789,8515,2035,1330,4729
549,,  overnights visitors (tourists) ,thousands,..,..,..,..,..
550,,  same-day visitors (excursionists) ,thousands,..,..,..,..,..
551,,"   of which, cruise passengers",thousands,..,..,..,..,..
552,kenya,   ,,,,,,
553,,arrivals   ,,,,,,
554,, total arrivals  ,thousands,2025,2049,568,870,1484
555,,  overnights visitors (tourists) ,thousands,..,..,..,..,..
556,,  same-day visitors (excursionists) ,thousands,..,..,..,..,..
557,,"   of which, cruise passengers",thousands,..,..,..,..,..
558,kiribati,   ,,,,,,
559,,arrivals   ,,,,,,
560,, total arrivals  ,thousands,9,12,..,..,..
561,,  overnights visitors (tourists) ,thousands,7.1,7.9,1.4,0.07,1.8
562,,  same-day visitors (excursionists) ,thousands,1.9,4.1,..,..,..
563,,"   of which, cruise passengers",thousands,..,..,..,..,..
564,"korea, republic of",   ,,,,,,
565,,arrivals   ,,,,,,
566,, total arrivals  ,thousands,15347,17503,2519,967,3198
567,,  overnights visitors (tourists) ,thousands,..,..,..,..,..
568,,  same-day visitors (excursionists) ,thousands,218,279,3,0,0
569,,"   of which, cruise passengers",thousands,218,279,3,0,0
570,kuwait,   ,,,,,,
571,,arrivals   ,,,,,,
572,, total arrivals  ,thousands,8508,8565,2161,1606,..
573,,  overnights visitors (tourists) ,thousands,200,153,86,85,..
574,,  same-day visitors (excursionists) ,thousands,..,..,..,..,..
575,,"   of which, cruise passengers",thousands,..,..,..,..,..
576,kyrgyzstan,   ,,,,,,
577,,arrivals   ,,,,,,
578,, total arrivals  ,thousands,6947,8508,2079,3169,6901
579,,  overnights visitors (tourists) ,thousands,423,235,69,144,345.7
580,,  same-day visitors (excursionists) ,thousands,..,..,..,..,..
581,,"   of which, cruise passengers",thousands,..,..,..,..,..
582,lao people´s democratic republic,   ,,,,,,
583,,arrivals   ,,,,,,
584,, total arrivals  ,thousands,4186,4791,886.4,..,..
585,,  overnights visitors (tourists) ,thousands,3770,4384,811.6,..,..
586,,  same-day visitors (excursionists) ,thousands,417,407,74.8,..,..
587,,"   of which, cruise passengers",thousands,..,..,..,..,..
588,latvia,   ,,,,,,
589,,arrivals   ,,,,,,
590,, total arrivals  ,thousands,7775,8342,3204,1937,..
591,,  overnights visitors (tourists) ,thousands,1946,1935,636,478,..
592,,  same-day visitors (excursionists) ,thousands,5829,6408,2568,1459,..
593,,"   of which, cruise passengers",thousands,800,..,..,..,..
594,lebanon,   ,,,,,,
595,,arrivals   ,,,,,,
596,, total arrivals  ,thousands,..,..,..,..,..
597,,  overnights visitors (tourists) ,thousands,1964,1936,414,890,1466
598,,  same-day visitors (excursionists) ,thousands,..,..,..,..,..
599,,"   of which, cruise passengers",thousands,..,..,..,..,..
600,lesotho,   ,,,,,,
601,,arrivals   ,,,,,,
602,, total arrivals  ,thousands,1173,1142,..,279,..
603,,  overnights visitors (tourists) ,thousands,..,..,..,..,..
604,,  same-day visitors (excursionists) ,thousands,..,..,..,..,..
605,,"   of which, cruise passengers",thousands,..,..,..,..,..
606,liechtenstein,   ,,,,,,
607,,arrivals   ,,,,,,
608,, total arrivals  ,thousands,..,..,..,..,..
609,,  overnights visitors (tourists) ,thousands,85.3,98.1,58.4,70.8,100.8
610,,  same-day visitors (excursionists) ,thousands,..,..,..,..,..
611,,"   of which, cruise passengers",thousands,..,..,..,..,..
612,lithuania,   ,,,,,,
613,,arrivals   ,,,,,,
614,, total arrivals  ,thousands,6115,6150,2284,2096,4725
615,,  overnights visitors (tourists) ,thousands,2825,2875,937,948,2169
616,,  same-day visitors (excursionists) ,thousands,3290,3275,1348,1148,2556
617,,"   of which, cruise passengers",thousands,..,..,..,..,..
618,luxembourg,   ,,,,,,
619,,arrivals   ,,,,,,
620,, total arrivals  ,thousands,..,..,..,..,..
621,,  overnights visitors (tourists) ,thousands,1018,1041,525,615,1013
622,,  same-day visitors (excursionists) ,thousands,..,..,..,..,..
623,,"   of which, cruise passengers",thousands,..,..,..,..,..
624,"macao, china",   ,,,,,,
625,,arrivals   ,,,,,,
626,, total arrivals  ,thousands,35804,39406,5897,7706,5700.3
627,,  overnights visitors (tourists) ,thousands,18493,18633,2822,3697,2484
628,,  same-day visitors (excursionists) ,thousands,17311,20773,3075,4009,3216.3
629,,"   of which, cruise passengers",thousands,..,..,..,..,..
630,madagascar,   ,,,,,,
631,,arrivals   ,,,,,,
632,, total arrivals  ,thousands,360,486,87.1,7.8,..
633,,  overnights visitors (tourists) ,thousands,291,384,68.3,7.8,..
634,,  same-day visitors (excursionists) ,thousands,69,102,18.8,..,..
635,,"   of which, cruise passengers",thousands,69,102,18.9,..,..
636,malawi,   ,,,,,,
637,,arrivals   ,,,,,,
638,, total arrivals  ,thousands,..,..,..,..,..
639,,  overnights visitors (tourists) ,thousands,871,978,199,432,..
640,,  same-day visitors (excursionists) ,thousands,..,..,..,..,..
641,,"   of which, cruise passengers",thousands,..,..,..,..,..
642,malaysia,   ,,,,,,
643,,arrivals   ,,,,,,
644,, total arrivals  ,thousands,..,35046,6102,399,19016
645,,  overnights visitors (tourists) ,thousands,25832,26101,4333,135,10071
646,,  same-day visitors (excursionists) ,thousands,..,8945,1769,265,8945
647,,"   of which, cruise passengers",thousands,..,..,..,..,..
648,maldives,   ,,,,,,
649,,arrivals   ,,,,,,
650,, total arrivals  ,thousands,..,..,..,..,..
651,,  overnights visitors (tourists) ,thousands,1484,1703,555,1322,1675
652,,  same-day visitors (excursionists) ,thousands,..,..,..,..,..
653,,"   of which, cruise passengers",thousands,..,..,..,..,..
654,mali,   ,,,,,,
655,,arrivals   ,,,,,,
656,, total arrivals  ,thousands,..,..,..,..,..
657,,  overnights visitors (tourists) ,thousands,203,217,75,168,..
658,,  same-day visitors (excursionists) ,thousands,..,..,..,..,..
659,,"   of which, cruise passengers",thousands,..,..,..,..,..
660,malta,   ,,,,,,
661,,arrivals   ,,,,,,
662,, total arrivals  ,thousands,3232,3519,718,1110,2776.2
663,,  overnights visitors (tourists) ,thousands,2599,2753,659,968,2286.6
664,,  same-day visitors (excursionists) ,thousands,633,766,59,142,489.6
665,,"   of which, cruise passengers",thousands,633,766,59,142,489.6
666,marshall islands,   ,,,,,,
667,,arrivals   ,,,,,,
668,, total arrivals  ,thousands,..,..,2,..,..
669,,  overnights visitors (tourists) ,thousands,6.8,6.1,1.2,0.035,..
670,,  same-day visitors (excursionists) ,thousands,..,..,0.8,..,..
671,,"   of which, cruise passengers",thousands,..,..,..,..,..
672,martinique,   ,,,,,,
673,,arrivals   ,,,,,,
674,, total arrivals  ,thousands,1002,919,523.6,312,661
675,,  overnights visitors (tourists) ,thousands,537,556,312.3,291,556
676,,  same-day visitors (excursionists) ,thousands,465,363,211.3,21.2,105
677,,"   of which, cruise passengers",thousands,393,285,170.4,..,75
678,mauritius,   ,,,,,,
679,,arrivals   ,,,,,,
680,, total arrivals  ,thousands,1431,1418,315.6,180.3,1003.1
681,,  overnights visitors (tourists) ,thousands,1399,1383,309,179.8,997
682,,  same-day visitors (excursionists) ,thousands,32,35,7,0.5,5.9
683,,"   of which, cruise passengers",thousands,9,13,1,..,1.8
684,mexico,   ,,,,,,
685,,arrivals   ,,,,,,
686,, total arrivals  ,thousands,96497,97406,51128,55301,65995
687,,  overnights visitors (tourists) ,thousands,41313,45024,24824,31860,38325.6
688,,  same-day visitors (excursionists) ,thousands,55184,52382,26844.5,23441,27668.9
689,,"   of which, cruise passengers",thousands,8271,9095,2580,1754,7075
690,"micronesia, federated states of",   ,,,,,,
691,,arrivals   ,,,,,,
692,, total arrivals  ,thousands,..,..,..,..,..
693,,  overnights visitors (tourists) ,thousands,19.2,18,..,..,..
694,,  same-day visitors (excursionists) ,thousands,..,..,..,..,..
695,,"   of which, cruise passengers",thousands,..,..,..,..,..
696,"moldova, republic of",   ,,,,,,
697,,arrivals   ,,,,,,
698,, total arrivals  ,thousands,..,..,..,..,..
699,,  overnights visitors (tourists) ,thousands,160,174,29,69,162
700,,  same-day visitors (excursionists) ,thousands,..,..,..,..,..
701,,"   of which, cruise passengers",thousands,..,..,..,..,..
702,monaco,   ,,,,,,
703,,arrivals   ,,,,,,
704,, total arrivals  ,thousands,..,..,..,..,..
705,,  overnights visitors (tourists) ,thousands,347,363,159,218.4,327
706,,  same-day visitors (excursionists) ,thousands,169,182,1.1,..,54.5
707,,"   of which, cruise passengers",thousands,169,182,1.1,..,54.5
708,mongolia,   ,,,,,,
709,,arrivals   ,,,,,,
710,, total arrivals  ,thousands,598,637,66.9,39.2,301
711,,  overnights visitors (tourists) ,thousands,529,577,58.9,33,286
712,,  same-day visitors (excursionists) ,thousands,..,..,..,..,..
713,,"   of which, cruise passengers",thousands,..,..,..,..,..
714,montenegro,   ,,,,,,
715,,arrivals   ,,,,,,
716,, total arrivals  ,thousands,..,..,..,..,..
717,,  overnights visitors (tourists) ,thousands,2077,2510,351,1554,2036
718,,  same-day visitors (excursionists) ,thousands,..,..,..,..,..
719,,"   of which, cruise passengers",thousands,..,..,..,..,..
720,montserrat,   ,,,,,,
721,,arrivals   ,,,,,,
722,, total arrivals  ,thousands,16.7,19.3,7.7,1.6,..
723,,  overnights visitors (tourists) ,thousands,10.2,10.4,4.5,1.6,..
724,,  same-day visitors (excursionists) ,thousands,6.5,8.9,3.1,..,..
725,,"   of which, cruise passengers",thousands,4.3,6.8,2.8,..,..
726,morocco,   ,,,,,,
727,,arrivals   ,,,,,,
728,, total arrivals  ,thousands,12489,13109,2802,3722,10968
729,,  overnights visitors (tourists) ,thousands,12289,12932,2778,3722,10869
730,,  same-day visitors (excursionists) ,thousands,200,177,24,..,99
731,,"   of which, cruise passengers",thousands,200,177,24,..,99
732,mozambique,   ,,,,,,
733,,arrivals   ,,,,,,
734,, total arrivals  ,thousands,2870,2033,959,549,879
735,,  overnights visitors (tourists) ,thousands,2743,2019,952,492,..
736,,  same-day visitors (excursionists) ,thousands,127,14,7,57,..
737,,"   of which, cruise passengers",thousands,..,..,..,..,..
738,myanmar,   ,,,,,,
739,,arrivals   ,,,,,,
740,, total arrivals  ,thousands,..,..,..,..,..
741,,  overnights visitors (tourists) ,thousands,3551,4364,903,131,233
742,,  same-day visitors (excursionists) ,thousands,..,..,..,..,..
743,,"   of which, cruise passengers",thousands,..,..,..,..,..
744,namibia,   ,,,,,,
745,,arrivals   ,,,,,,
746,, total arrivals  ,thousands,1639,1651,187.1,261.3,528
747,,  overnights visitors (tourists) ,thousands,1557,1596,169.6,232.8,461
748,,  same-day visitors (excursionists) ,thousands,82,55,17.6,28.6,67
749,,"   of which, cruise passengers",thousands,..,..,..,..,..
750,nepal,   ,,,,,,
751,,arrivals   ,,,,,,
752,, total arrivals  ,thousands,..,..,..,..,..
753,,  overnights visitors (tourists) ,thousands,1173,1197,230,151,614.8
754,,  same-day visitors (excursionists) ,thousands,..,..,..,..,..
755,,"   of which, cruise passengers",thousands,..,..,..,..,..
756,netherlands,   ,,,,,,
757,,arrivals   ,,,,,,
758,, total arrivals  ,thousands,..,..,..,..,..
759,,  overnights visitors (tourists) ,thousands,18780,20129,7265,6248,16063
760,,  same-day visitors (excursionists) ,thousands,..,..,..,..,..
761,,"   of which, cruise passengers",thousands,..,..,..,..,..
762,new caledonia,   ,,,,,,
763,,arrivals   ,,,,,,
764,, total arrivals  ,thousands,576,474,79,..,139
765,,  overnights visitors (tourists) ,thousands,120,131,31,12.4,79
766,,  same-day visitors (excursionists) ,thousands,456,344,48,..,60
767,,"   of which, cruise passengers",thousands,456,344,48,..,60
768,new zealand,   ,,,,,,
769,,arrivals   ,,,,,,
770,, total arrivals  ,thousands,3858,3888,996,207,1434
771,,  overnights visitors (tourists) ,thousands,3686,3702,948,205,1389
772,,  same-day visitors (excursionists) ,thousands,172,186,48,2,44.8
773,,"   of which, cruise passengers",thousands,44,56,29,..,4.48
774,nicaragua,   ,,,,,,
775,,arrivals   ,,,,,,
776,, total arrivals  ,thousands,1412,1455,474,312.4,932.7
777,,  overnights visitors (tourists) ,thousands,1256,1295,384,222.4,817.9
778,,  same-day visitors (excursionists) ,thousands,157,159,90,90,114.8
779,,"   of which, cruise passengers",thousands,83,86,25,..,..
780,niger,   ,,,,,,
781,,arrivals   ,,,,,,
782,, total arrivals  ,thousands,..,..,..,..,..
783,,  overnights visitors (tourists) ,thousands,157,192,85,..,..
784,,  same-day visitors (excursionists) ,thousands,..,..,..,..,..
785,,"   of which, cruise passengers",thousands,..,..,..,..,..
786,nigeria,   ,,,,,,
787,,arrivals   ,,,,,,
788,, total arrivals  ,thousands,5254,5361,1209,1246,1271
789,,  overnights visitors (tourists) ,thousands,1966,2005,502,518,528
790,,  same-day visitors (excursionists) ,thousands,..,..,..,..,..
791,,"   of which, cruise passengers",thousands,..,..,..,..,..
792,niue,   ,,,,,,
793,,arrivals   ,,,,,,
794,, total arrivals  ,thousands,..,..,..,..,..
795,,  overnights visitors (tourists) ,thousands,10.5,10.2,1.3,0.2,..
796,,  same-day visitors (excursionists) ,thousands,..,..,..,..,..
797,,"   of which, cruise passengers",thousands,..,..,..,..,..
798,north macedonia,   ,,,,,,
799,,arrivals   ,,,,,,
800,, total arrivals  ,thousands,..,..,..,..,..
801,,  overnights visitors (tourists) ,thousands,707,758,118,294,537
802,,  same-day visitors (excursionists) ,thousands,..,..,..,..,..
803,,"   of which, cruise passengers",thousands,..,..,..,..,..
804,northern mariana islands,   ,,,,,,
805,,arrivals   ,,,,,,
806,, total arrivals  ,thousands,518,487,89,12.7,96.6
807,,  overnights visitors (tourists) ,thousands,517,484,87,12.2,96.1
808,,  same-day visitors (excursionists) ,thousands,1,3,2,0.5,0.5
809,,"   of which, cruise passengers",thousands,1,3,2,0.5,0.5
810,norway,   ,,,,,,
811,,arrivals   ,,,,,,
812,, total arrivals  ,thousands,..,..,..,..,..
813,,  overnights visitors (tourists) ,thousands,5688,5879,1397,1435,4979.4
814,,  same-day visitors (excursionists) ,thousands,..,..,..,..,..
815,,"   of which, cruise passengers",thousands,852,901,..,..,..
816,oman,   ,,,,,,
817,,arrivals   ,,,,,,
818,, total arrivals  ,thousands,3242,3506,869,652,2920
819,,  overnights visitors (tourists) ,thousands,2301,2500,622.4,464,2059
820,,  same-day visitors (excursionists) ,thousands,941,1006,246.2,188,861
821,,"   of which, cruise passengers",thousands,193,283,110,17,85
822,palau,   ,,,,,,
823,,arrivals   ,,,,,,
824,, total arrivals  ,thousands,..,..,..,..,..
825,,  overnights visitors (tourists) ,thousands,106,94,18.4,..,..
826,,  same-day visitors (excursionists) ,thousands,..,..,..,..,..
827,,"   of which, cruise passengers",thousands,..,..,..,..,..
828,panama,   ,,,,,,
829,,arrivals   ,,,,,,
830,, total arrivals  ,thousands,2487,2494,647,804,1946
831,,  overnights visitors (tourists) ,thousands,1785,1753,414,618,1488
832,,  same-day visitors (excursionists) ,thousands,702,741,233,186,298
833,,"   of which, cruise passengers",thousands,369,365,137,29,159
834,papua new guinea,   ,,,,,,
835,,arrivals   ,,,,,,
836,, total arrivals  ,thousands,195,211,39,17,69.4
837,,  overnights visitors (tourists) ,thousands,140,160,39,17,66.8
838,,  same-day visitors (excursionists) ,thousands,55,51,..,..,2.6
839,,"   of which, cruise passengers",thousands,55,51,..,..,2.6
840,paraguay,   ,,,,,,
841,,arrivals   ,,,,,,
842,, total arrivals  ,thousands,4183,4368,1077,571,1548
843,,  overnights visitors (tourists) ,thousands,1181,1216,252,95,579.4
844,,  same-day visitors (excursionists) ,thousands,3002,3152,825,476,968.9
845,,"   of which, cruise passengers",thousands,..,..,..,..,..
846,peru,   ,,,,,,
847,,arrivals   ,,,,,,
848,, total arrivals  ,thousands,5384,5275,1119,444,2278.5
849,,  overnights visitors (tourists) ,thousands,4419,4372,897,444,2009.3
850,,  same-day visitors (excursionists) ,thousands,965,903,222,..,269.2
851,,"   of which, cruise passengers",thousands,16,4,2,..,..
852,philippines,   ,,,,,,
853,,arrivals   ,,,,,,
854,, total arrivals  ,thousands,..,..,..,..,..
855,,  overnights visitors (tourists) ,thousands,7168,8261,1483,164,2654
856,,  same-day visitors (excursionists) ,thousands,228,162,25,..,..
857,,"   of which, cruise passengers",thousands,228,162,25,..,..
858,poland,   ,,,,,,
859,,arrivals   ,,,,,,
860,, total arrivals  ,thousands,85946,88515,51076,51026,71814
861,,  overnights visitors (tourists) ,thousands,19622,21158,8418,9722,15948
862,,  same-day visitors (excursionists) ,thousands,66324,67357,42658,41304,55867
863,,"   of which, cruise passengers",thousands,..,..,..,..,..
864,portugal,   ,,,,,,
865,,arrivals   ,,,,,,
866,, total arrivals  ,thousands,..,..,..,..,..
867,,  overnights visitors (tourists) ,thousands,16186,17283,4208,6345,16308
868,,  same-day visitors (excursionists) ,thousands,..,..,..,..,..
869,,"   of which, cruise passengers",thousands,..,..,..,..,..
870,puerto rico,   ,,,,,,
871,,arrivals   ,,,,,,
872,, total arrivals  ,thousands,4260,4931,3882,2754.7,3637.5
873,,  overnights visitors (tourists) ,thousands,3068,3180,2617.4,2754.7,3273.1
874,,  same-day visitors (excursionists) ,thousands,1192,1751,1264.6,0,364.4
875,,"   of which, cruise passengers",thousands,1192,1751,1264.6,0,364.4
876,qatar,   ,,,,,,
877,,arrivals   ,,,,,,
878,, total arrivals  ,thousands,1819,2136.5,582,611,2560
879,,  overnights visitors (tourists) ,thousands,..,..,..,..,..
880,,  same-day visitors (excursionists) ,thousands,..,..,..,..,..
881,,"   of which, cruise passengers",thousands,..,..,..,..,..
882,reunion,   ,,,,,,
883,,arrivals   ,,,,,,
884,, total arrivals  ,thousands,574,601,255.1,..,..
885,,  overnights visitors (tourists) ,thousands,535,533.6,216.7,251,495
886,,  same-day visitors (excursionists) ,thousands,39,67.7,38.4,..,..
887,,"   of which, cruise passengers",thousands,39,68,38,..,..
888,romania,   ,,,,,,
889,,arrivals   ,,,,,,
890,, total arrivals  ,thousands,11720,12815,5023,6789,12697
891,,  overnights visitors (tourists) ,thousands,..,..,..,..,..
892,,  same-day visitors (excursionists) ,thousands,..,..,..,..,..
893,,"   of which, cruise passengers",thousands,..,..,..,..,..
894,russian federation,   ,,,,,,
895,,arrivals   ,,,,,,
896,, total arrivals  ,thousands,24551,24419,6359,..,..
897,,  overnights visitors (tourists) ,thousands,..,..,..,..,..
898,,  same-day visitors (excursionists) ,thousands,..,..,..,..,..
899,,"   of which, cruise passengers",thousands,..,..,..,..,..
900,rwanda,   ,,,,,,
901,,arrivals   ,,,,,,
902,, total arrivals  ,thousands,1711,1634,497,511,..
903,,  overnights visitors (tourists) ,thousands,1619,1544,460,480,..
904,,  same-day visitors (excursionists) ,thousands,92,90,27,30,..
905,,"   of which, cruise passengers",thousands,..,..,..,..,..
906,saint kitts and nevis,   ,,,,,,
907,,arrivals   ,,,,,,
908,, total arrivals  ,thousands,1278,1107,301.4,122.6,589.1
909,,  overnights visitors (tourists) ,thousands,125,120,30,20.2,79.8
910,,  same-day visitors (excursionists) ,thousands,1152,987,271,102.4,509.3
911,,"   of which, cruise passengers",thousands,1148,983,270,101.9,506.4
912,saint lucia,   ,,,,,,
913,,arrivals   ,,,,,,
914,, total arrivals  ,thousands,1165,1220,432.5,297,714
915,,  overnights visitors (tourists) ,thousands,395,424,130.7,199,356
916,,  same-day visitors (excursionists) ,thousands,770,796,301.8,98,358
917,,"   of which, cruise passengers",thousands,760,787,297.9,94,350
918,saint vincent and the grenadines,   ,,,,,,
919,,arrivals   ,,,,,,
920,, total arrivals  ,thousands,356,399,155,56.7,210
921,,  overnights visitors (tourists) ,thousands,80,84,27,24.2,59
922,,  same-day visitors (excursionists) ,thousands,274.7,315,128,32.5,151
923,,"   of which, cruise passengers",thousands,275,313,128,32.4,151
924,samoa,   ,,,,,,
925,,arrivals   ,,,,,,
926,, total arrivals  ,thousands,172,181,23.9,2.6,50.6
927,,  overnights visitors (tourists) ,thousands,164,172,23.1,2.6,49.4
928,,  same-day visitors (excursionists) ,thousands,8,8.6,0.8,..,1.2
929,,"   of which, cruise passengers",thousands,..,..,..,..,..
930,san marino,   ,,,,,,
931,,arrivals   ,,,,,,
932,, total arrivals  ,thousands,1874,1904,1015,1354,..
933,,  overnights visitors (tourists) ,thousands,84,111,58,94,..
934,,  same-day visitors (excursionists) ,thousands,1790,1793,957,1260,..
935,,"   of which, cruise passengers",thousands,..,..,..,..,..
936,sao tome and principe,   ,,,,,,
937,,arrivals   ,,,,,,
938,, total arrivals  ,thousands,..,..,..,..,..
939,,  overnights visitors (tourists) ,thousands,33.4,34.9,10.7,15.1,..
940,,  same-day visitors (excursionists) ,thousands,..,..,..,..,..
941,,"   of which, cruise passengers",thousands,..,..,..,..,..
942,saudi arabia,   ,,,,,,
943,,arrivals   ,,,,,,
944,, total arrivals  ,thousands,17570,20292,4882,3869,18256
945,,  overnights visitors (tourists) ,thousands,15334,17526,4138,3477,16638
946,,  same-day visitors (excursionists) ,thousands,2236,2767,744,392,1618
947,,"   of which, cruise passengers",thousands,..,..,..,..,..
948,serbia,   ,,,,,,
949,,arrivals   ,,,,,,
950,, total arrivals  ,thousands,..,..,..,..,..
951,,  overnights visitors (tourists) ,thousands,1711,1847,446,871,1773
952,,  same-day visitors (excursionists) ,thousands,..,..,..,..,..
953,,"   of which, cruise passengers",thousands,..,..,..,..,..
954,seychelles,   ,,,,,,
955,,arrivals   ,,,,,,
956,, total arrivals  ,thousands,405,428,124.5,183,339
957,,  overnights visitors (tourists) ,thousands,362,384,114.9,183,332
958,,  same-day visitors (excursionists) ,thousands,43,44,19.6,..,6.5
959,,"   of which, cruise passengers",thousands,43,44,19.6,..,6.5
960,sierra leone,   ,,,,,,
961,,arrivals   ,,,,,,
962,, total arrivals  ,thousands,66,71,26,44,..
963,,  overnights visitors (tourists) ,thousands,57,63,24,40,..
964,,  same-day visitors (excursionists) ,thousands,9,8,2,4,..
965,,"   of which, cruise passengers",thousands,2,3,1,2,..
966,singapore,   ,,,,,,
967,,arrivals   ,,,,,,
968,, total arrivals  ,thousands,18508,19116,2742,330,6306
969,,  overnights visitors (tourists) ,thousands,14673,15119,2086,325,5344
970,,  same-day visitors (excursionists) ,thousands,3835,3997,657,5,961
971,,"   of which, cruise passengers",thousands,..,..,..,..,..
972,sint maarten (dutch part),   ,,,,,,
973,,arrivals   ,,,,,,
974,, total arrivals  ,thousands,1775,1952,542,482,1217
975,,  overnights visitors (tourists) ,thousands,178,320,106,249,373
976,,  same-day visitors (excursionists) ,thousands,1597,1632,436,233,844
977,,"   of which, cruise passengers",thousands,1597,1632,436,233,844
978,slovakia,   ,,,,,,
979,,arrivals   ,,,,,,
980,, total arrivals  ,thousands,15299,16086,..,..,..
981,,  overnights visitors (tourists) ,thousands,5453,5630,..,..,..
982,,  same-day visitors (excursionists) ,thousands,9846,10456,..,..,..
983,,"   of which, cruise passengers",thousands,..,..,..,..,..
984,slovenia,   ,,,,,,
985,,arrivals   ,,,,,,
986,, total arrivals  ,thousands,..,..,..,..,..
987,,  overnights visitors (tourists) ,thousands,4425,4702,1216,1832,3936
988,,  same-day visitors (excursionists) ,thousands,..,..,..,..,..
989,,"   of which, cruise passengers",thousands,..,..,..,..,..
990,solomon islands,   ,,,,,,
991,,arrivals   ,,,,,,
992,, total arrivals  ,thousands,..,..,..,..,..
993,,  overnights visitors (tourists) ,thousands,27.9,28.9,4.4,0.7,..
994,,  same-day visitors (excursionists) ,thousands,..,..,..,..,..
995,,"   of which, cruise passengers",thousands,..,..,..,..,..
996,south africa,   ,,,,,,
997,,arrivals   ,,,,,,
998,, total arrivals  ,thousands,15004,14797,3886.6,2664,7342
999,,  overnights visitors (tourists) ,thousands,10472,10227.5,2802,2256,5698
1000,,  same-day visitors (excursionists) ,thousands,4532,4569,1084,408,1644
1001,,"   of which, cruise passengers",thousands,..,..,..,..,..
1002,spain,   ,,,,,,
1003,,arrivals   ,,,,,,
1004,, total arrivals  ,thousands,124456,126170,36410,51631,104968
1005,,  overnights visitors (tourists) ,thousands,82808,83509,18933,31181,71659
1006,,  same-day visitors (excursionists) ,thousands,41647,42661,17477,20450,33309
1007,,"   of which, cruise passengers",thousands,3085,3564,..,479,2541
1008,sri lanka,   ,,,,,,
1009,,arrivals   ,,,,,,
1010,, total arrivals  ,thousands,2521,2027,540,195,758.8
1011,,  overnights visitors (tourists) ,thousands,2334,1914,508,194,720
1012,,  same-day visitors (excursionists) ,thousands,187,113,32,0.6,38.8
1013,,"   of which, cruise passengers",thousands,..,..,..,..,..
1014,state of palestine,   ,,,,,,
1015,,arrivals   ,,,,,,
1016,, total arrivals  ,thousands,3429,4232,1000,..,..
1017,,  overnights visitors (tourists) ,thousands,985,1110,170,..,..
1018,,  same-day visitors (excursionists) ,thousands,2444,3122,830,..,..
1019,,"   of which, cruise passengers",thousands,..,..,..,..,..
1020,sudan,   ,,,,,,
1021,,arrivals   ,,,,,,
1022,, total arrivals  ,thousands,..,..,..,..,..
1023,,  overnights visitors (tourists) ,thousands,836,..,..,..,..
1024,,  same-day visitors (excursionists) ,thousands,..,..,..,..,..
1025,,"   of which, cruise passengers",thousands,..,..,..,..,..
1026,sweden,   ,,,,,,
1027,,arrivals   ,,,,,,
1028,, total arrivals  ,thousands,..,..,..,..,..
1029,,  overnights visitors (tourists) ,thousands,7440,7616,1957,2990,6629
1030,,  same-day visitors (excursionists) ,thousands,..,..,..,..,..
1031,,"   of which, cruise passengers",thousands,..,..,..,..,..
1032,switzerland,   ,,,,,,
1033,,arrivals   ,,,,,,
1034,, total arrivals  ,thousands,..,..,..,..,..
1035,,  overnights visitors (tourists) ,thousands,11715,11818,3690,4390,9159.5
1036,,  same-day visitors (excursionists) ,thousands,..,..,..,..,..
1037,,"   of which, cruise passengers",thousands,..,..,..,..,..
1038,syrian arab republic,   ,,,,,,
1039,,arrivals   ,,,,,,
1040,, total arrivals  ,thousands,1802,2424,479,661,..
1041,,  overnights visitors (tourists) ,thousands,..,..,..,..,..
1042,,  same-day visitors (excursionists) ,thousands,..,..,..,..,..
1043,,"   of which, cruise passengers",thousands,..,..,..,..,..
1044,taiwan province of china,   ,,,,,,
1045,,arrivals   ,,,,,,
1046,, total arrivals  ,thousands,11067,11864,1378,140,896
1047,,  overnights visitors (tourists) ,thousands,..,..,..,..,..
1048,,  same-day visitors (excursionists) ,thousands,..,..,..,..,..
1049,,"   of which, cruise passengers",thousands,..,..,..,..,..
1050,tajikistan,   ,,,,,,
1051,,arrivals   ,,,,,,
1052,, total arrivals  ,thousands,1035,1257,351,296,..
1053,,  overnights visitors (tourists) ,thousands,..,..,..,..,..
1054,,  same-day visitors (excursionists) ,thousands,..,..,..,..,..
1055,,"   of which, cruise passengers",thousands,..,..,..,..,..
1056,"tanzania, united republic of",   ,,,,,,
1057,,arrivals   ,,,,,,
1058,, total arrivals  ,thousands,1506,1527,621,1027,..
1059,,  overnights visitors (tourists) ,thousands,1378,1443,592,922.7,1455
1060,,  same-day visitors (excursionists) ,thousands,128,84,29,104.3,..
1061,,"   of which, cruise passengers",thousands,..,..,..,..,..
1062,thailand,   ,,,,,,
1063,,arrivals   ,,,,,,
1064,, total arrivals  ,thousands,..,..,..,..,..
1065,,  overnights visitors (tourists) ,thousands,38178,39916,6725,511,..
1066,,  same-day visitors (excursionists) ,thousands,..,..,..,..,..
1067,,"   of which, cruise passengers",thousands,..,..,..,..,..
1068,timor-leste,   ,,,,,,
1069,,arrivals   ,,,,,,
1070,, total arrivals  ,thousands,..,..,..,..,..
1071,,  overnights visitors (tourists) ,thousands,74.6,80.8,17.9,5.5,..
1072,,  same-day visitors (excursionists) ,thousands,..,..,..,..,..
1073,,"   of which, cruise passengers",thousands,..,..,..,..,..
1074,togo,   ,,,,,,
1075,,arrivals   ,,,,,,
1076,, total arrivals  ,thousands,..,..,..,..,..
1077,,  overnights visitors (tourists) ,thousands,573,876,482,..,..
1078,,  same-day visitors (excursionists) ,thousands,..,..,..,..,..
1079,,"   of which, cruise passengers",thousands,..,..,..,..,..
1080,tonga,   ,,,,,,
1081,,arrivals   ,,,,,,
1082,, total arrivals  ,thousands,77.3,94,11.5,0.2,22.3
1083,,  overnights visitors (tourists) ,thousands,54,67.3,9,0.2,18.4
1084,,  same-day visitors (excursionists) ,thousands,23.3,26.7,2.5,..,3.9
1085,,"   of which, cruise passengers",thousands,23.3,26.7,2.5,..,3.9
1086,trinidad and tobago,   ,,,,,,
1087,,arrivals   ,,,,,,
1088,, total arrivals  ,thousands,507.8,481.5,141.1,41.1,253.3
1089,,  overnights visitors (tourists) ,thousands,375.5,388.6,95.3,40.6,226.5
1090,,  same-day visitors (excursionists) ,thousands,132.3,93,45.8,0.5,26.8
1091,,"   of which, cruise passengers",thousands,125.6,91.4,45.6,..,25.9
1092,tunisia,   ,,,,,,
1093,,arrivals   ,,,,,,
1094,, total arrivals  ,thousands,..,..,..,..,..
1095,,  overnights visitors (tourists) ,thousands,8299,9429,2012,2475,6441
1096,,  same-day visitors (excursionists) ,thousands,..,..,..,..,..
1097,,"   of which, cruise passengers",thousands,..,..,..,..,..
1098,türkiye,   ,,,,,,
1099,,arrivals   ,,,,,,
1100,, total arrivals  ,thousands,46113,51747,15971,30039,51388
1101,,  overnights visitors (tourists) ,thousands,45768,51192,15894,29925,50453
1102,,  same-day visitors (excursionists) ,thousands,345,555,77,114,935
1103,,"   of which, cruise passengers",thousands,..,..,..,..,..
1104,turks and caicos islands,   ,,,,,,
1105,,arrivals   ,,,,,,
1106,, total arrivals  ,thousands,1463,1599,370.4,432,..
1107,,  overnights visitors (tourists) ,thousands,441,487,164.5,405,..
1108,,  same-day visitors (excursionists) ,thousands,1022,1112,205.9,27,..
1109,,"   of which, cruise passengers",thousands,1022,1112,205.9,27,..
1110,tuvalu,   ,,,,,,
1111,,arrivals   ,,,,,,
1112,, total arrivals  ,thousands,..,..,..,..,..
1113,,  overnights visitors (tourists) ,thousands,3.1,3.7,0.6,0.04,0.244
1114,,  same-day visitors (excursionists) ,thousands,..,..,..,..,..
1115,,"   of which, cruise passengers",thousands,..,..,..,..,..
1116,uganda,   ,,,,,,
1117,,arrivals   ,,,,,,
1118,, total arrivals  ,thousands,..,..,..,..,..
1119,,  overnights visitors (tourists) ,thousands,1506,1543,473,513,815
1120,,  same-day visitors (excursionists) ,thousands,..,..,..,..,..
1121,,"   of which, cruise passengers",thousands,..,..,..,..,..
1122,ukraine,   ,,,,,,
1123,,arrivals   ,,,,,,
1124,, total arrivals  ,thousands,14342,13710,3382,4272,2307
1125,,  overnights visitors (tourists) ,thousands,14104,13438,3141,3973,2173
1126,,  same-day visitors (excursionists) ,thousands,238,273,241,299,134
1127,,"   of which, cruise passengers",thousands,..,..,..,..,..
1128,united arab emirates,   ,,,,,,
1129,,arrivals   ,,,,,,
1130,, total arrivals  ,thousands,23092,25282,8084,12784,..
1131,,  overnights visitors (tourists) ,thousands,20214,21561,7165,11479,..
1132,,  same-day visitors (excursionists) ,thousands,2878,3721,919,1305,..
1133,,"   of which, cruise passengers",thousands,50,48,40,26,..
1134,united kingdom,   ,,,,,,
1135,,arrivals   ,,,,,,
1136,, total arrivals  ,thousands,40283,40857,11101,6384,31244
1137,,  overnights visitors (tourists) ,thousands,38664,39418,10714,6287,30741
1138,,  same-day visitors (excursionists) ,thousands,1619,1439,387,97,503
1139,,"   of which, cruise passengers",thousands,..,..,..,..,..
1140,united states of america,   ,,,,,,
1141,,arrivals   ,,,,,,
1142,, total arrivals  ,thousands,169324.918,165478,44792,66594,..
1143,,  overnights visitors (tourists) ,thousands,79745.918,79442,19212,22280,50870
1144,,  same-day visitors (excursionists) ,thousands,89579,86036,25580,44493.3,..
1145,,"   of which, cruise passengers",thousands,..,..,..,..,..
1146,united states virgin islands,   ,,,,,,
1147,,arrivals   ,,,,,,
1148,, total arrivals  ,thousands,1922,2074,862,1072.4,..
1149,,  overnights visitors (tourists) ,thousands,381,514,302.7,684.8,..
1150,,  same-day visitors (excursionists) ,thousands,1541,1560,558.5,387.6,..
1151,,"   of which, cruise passengers",thousands,1431,1433,442,245.7,..
1152,uruguay,   ,,,,,,
1153,,arrivals   ,,,,,,
1154,, total arrivals  ,thousands,3954,3480,..,234,..
1155,,  overnights visitors (tourists) ,thousands,3469,3059,..,..,..
1156,,  same-day visitors (excursionists) ,thousands,485,421,..,..,..
1157,,"   of which, cruise passengers",thousands,242,260,..,..,..
1158,uzbekistan,   ,,,,,,
1159,,arrivals   ,,,,,,
1160,, total arrivals  ,thousands,5346,6749,1504,1881,5233
1161,,  overnights visitors (tourists) ,thousands,..,..,..,..,..
1162,,  same-day visitors (excursionists) ,thousands,..,..,..,..,..
1163,,"   of which, cruise passengers",thousands,..,..,..,..,..
1164,vanuatu,   ,,,,,,
1165,,arrivals   ,,,,,,
1166,, total arrivals  ,thousands,350.2,256,82.4,..,65
1167,,  overnights visitors (tourists) ,thousands,115.6,120.6,22,..,30
1168,,  same-day visitors (excursionists) ,thousands,234.6,135.4,60.4,..,35
1169,,"   of which, cruise passengers",thousands,234.6,135.4,60.4,..,35
1170,viet nam,   ,,,,,,
1171,,arrivals   ,,,,,,
1172,, total arrivals  ,thousands,15498,18009,3837,157,3661
1173,,  overnights visitors (tourists) ,thousands,..,..,..,..,..
1174,,  same-day visitors (excursionists) ,thousands,..,..,..,..,..
1175,,"   of which, cruise passengers",thousands,215,264,114,..,..
1176,zambia,   ,,,,,,
1177,,arrivals   ,,,,,,
1178,, total arrivals  ,thousands,..,..,..,..,..
1179,,  overnights visitors (tourists) ,thousands,1072,1266,502,554,..
1180,,  same-day visitors (excursionists) ,thousands,..,..,..,..,..
1181,,"   of which, cruise passengers",thousands,..,..,..,..,..
1182,zimbabwe,   ,,,,,,
1183,,arrivals   ,,,,,,
1184,, total arrivals  ,thousands,2580,2294,639,381,1044
1185,,  overnights visitors (tourists) ,thousands,..,..,..,..,..
1186,,  same-day visitors (excursionists) ,thousands,..,..,..,..,..
1187,,"   of which, cruise passengers",thousands,..,..,..,..,..
1188,source: world tourism organization (unwto),   ,,,,,,
